index,latitude,longitude
1,40.6815441,-75.1926101
2,40.681246,-75.1896976
3,40.6815369,-75.1865195
4,40.6817464,-75.1833569
5,40.6812848,-75.1804567
6,40.680197,-75.1778001
7,40.678826,-75.1752434
8,40.6775089,-75.1726457
9,40.6764125,-75.1699408
10,40.6755373,-75.1671361
11,40.6748772,-75.1642416
12,40.6744257,-75.1612676
13,40.6741765,-75.1582242
14,40.6741233,-75.1551218
15,40.6742599,-75.1519705
16,40.6745798,-75.1487805
17,40.6750767,-75.145562
18,40.6757444,-75.1423252
19,40.6765765,-75.1390804
20,40.6775667,-75.1358378
21,40.6787087,-75.1326075
22,40.6799961,-75.1293998
23,40.6814226,-75.1262248
24,40.682982,-75.1230929
25,40.6846678,-75.1200142
26,40.6864738,-75.1169988
27,40.6883936,-75.1140571
28,40.690421,-75.1111993
29,40.6925495,-75.1084354
30,40.694773,-75.1057758
31,40.697085,-75.1032307
32,40.6994792,-75.1008103
33,40.7019494,-75.0985247
34,40.7044891,-75.0963842
35,40.7070922,-75.094399
36,40.7097522,-75.0925793
37,40.7124628,-75.0909354
38,40.7152173,-75.0894771
39,40.7178049,-75.0880927
40,40.7194895,-75.0863571
41,40.7199244,-75.0840033
42,40.7201009,-75.0813522
43,40.7210198,-75.0787599
44,40.7226321,-75.0762662
45,40.7245832,-75.0738183
46,40.726537,-75.0713666
47,40.7283709,-75.0688926
48,40.7300984,-75.0663978
49,40.7317355,-75.0638844
50,40.733298,-75.0613542
51,40.7348018,-75.0588093
52,40.7362629,-75.0562516
53,40.7376972,-75.053683
54,40.7391204,-75.0511056
55,40.7405486,-75.0485214
56,40.7419976,-75.0459322
57,40.7434833,-75.0433401
58,40.7450216,-75.040747
59,40.7466274,-75.0381548
60,40.7482891,-75.0355607
61,40.7499661,-75.0329572
62,40.7516162,-75.0303362
63,40.7531975,-75.02769
64,40.7546677,-75.0250107
65,40.7559849,-75.0222902
66,40.7571317,-75.0195252
67,40.7582137,-75.0167326
68,40.7593733,-75.0139362
69,40.7607434,-75.0111583
70,40.7623012,-75.0084038
71,40.7639034,-75.0056638
72,40.7654036,-75.0029289
73,40.7666553,-75.00019
74,40.7675119,-74.9974378
75,40.767827,-74.9946629
76,40.767457,-74.9918562
77,40.766453,-74.9890137
78,40.7651791,-74.9861394
79,40.7640281,-74.9832383
80,40.7633918,-74.9803152
81,40.7634665,-74.977372
82,40.7640053,-74.9744034
83,40.7647,-74.9714032
84,40.7652424,-74.9683651
85,40.7654263,-74.9652925
86,40.7653723,-74.9622187
87,40.7652665,-74.9591834
88,40.7652949,-74.9562263
89,40.7656438,-74.9533869
90,40.7664389,-74.9506834
91,40.7675295,-74.9480352
92,40.7686917,-74.9453372
93,40.7698229,-74.9425554
94,40.7709332,-74.9397212
95,40.7720368,-74.9368689
96,40.773148,-74.9340326
97,40.7743122,-74.9312705
98,40.775847,-74.9288511
99,40.7782085,-74.9271498
100,40.7810317,-74.9258248
101,40.7822998,-74.9231085
102,40.7829338,-74.9198912
103,40.7849543,-74.9180452
104,40.7876954,-74.9168247
105,40.7901232,-74.9152177
106,40.7922651,-74.9132905
107,40.7941813,-74.9111311
108,40.7960024,-74.9088708
109,40.7978656,-74.9066432
110,40.7998251,-74.9044981
111,40.8018572,-74.9024061
112,40.8039348,-74.9003346
113,40.8060309,-74.8982513
114,40.8081189,-74.8961241
115,40.8101826,-74.8939365
116,40.8122176,-74.8916895
117,40.81422,-74.8893849
118,40.816186,-74.8870247
119,40.8181117,-74.8846106
120,40.8199935,-74.8821446
121,40.8218273,-74.8796286
122,40.8236095,-74.8770644
123,40.8253362,-74.874454
124,40.8270035,-74.8717991
125,40.8286076,-74.8691017
126,40.8301448,-74.8663636
127,40.8316111,-74.8635867
128,40.8330062,-74.8607757
129,40.8344062,-74.8579998
130,40.8359652,-74.8553933
131,40.8378394,-74.8530921
132,40.8400789,-74.8511333
133,40.8425503,-74.8493814
134,40.8451014,-74.8476837
135,40.8476177,-74.8459256
136,40.8500845,-74.8440944
137,40.8525036,-74.8421941
138,40.8548768,-74.8402284
139,40.8572059,-74.8382015
140,40.8594928,-74.8361172
141,40.8617391,-74.8339795
142,40.8639468,-74.8317923
143,40.8661176,-74.8295597
144,40.8682534,-74.8272855
145,40.8703559,-74.8249736
146,40.8724269,-74.8226281
147,40.8744682,-74.8202529
148,40.8764817,-74.8178519
149,40.8784691,-74.8154291
150,40.8804323,-74.8129884
151,40.882373,-74.8105338
152,40.8842931,-74.8080692
153,40.8861943,-74.8055985
154,40.8880785,-74.8031258
155,40.8899475,-74.8006549
156,40.891803,-74.7981899
157,40.8936468,-74.7957346
158,40.8954809,-74.793293
159,40.8973069,-74.7908691
160,40.8991267,-74.7884667
161,40.9009317,-74.7860874
162,40.9026678,-74.7837215
163,40.9042683,-74.7813563
164,40.9056666,-74.778979
165,40.906812,-74.7765775
166,40.9079035,-74.7741446
167,40.9093342,-74.7716779
168,40.9111822,-74.7691676
169,40.9130086,-74.766593
170,40.9144909,-74.7639409
171,40.9156197,-74.7612145
172,40.9164209,-74.7584189
173,40.9169204,-74.7555591
174,40.917144,-74.7526403
175,40.9171176,-74.7496676
176,40.9168672,-74.7466461
177,40.9164185,-74.7435809
178,40.9157976,-74.740477
179,40.9150301,-74.7373396
180,40.9141421,-74.7341737
181,40.9131594,-74.7309845
182,40.9121079,-74.727777
183,40.9110135,-74.7245564
184,40.909902,-74.7213278
185,40.9087993,-74.7180962
186,40.9077313,-74.7148667
187,40.9067239,-74.7116444
188,40.905803,-74.7084345
189,40.9049945,-74.705242
190,40.9043241,-74.7020721
191,40.9038179,-74.6989297
192,40.9035017,-74.6958201
193,40.9034013,-74.6927483
194,40.9035426,-74.6897194
195,40.9039516,-74.6867385
196,40.9046541,-74.6838107
197,40.905676,-74.6809411
198,40.9070432,-74.6781347
199,40.9087184,-74.6753905
200,40.9099387,-74.6726346
201,40.9097337,-74.6698398
202,40.9082761,-74.6673951
203,40.9060267,-74.6656585
204,40.9032977,-74.6643383
205,40.9003546,-74.6629787
206,40.8973541,-74.6613777
207,40.8943581,-74.6595544
208,40.8914255,-74.657535
209,40.8886151,-74.6553457
210,40.8859857,-74.6530129
211,40.8835962,-74.6505628
212,40.8815054,-74.6480218
213,40.8797722,-74.645416
214,40.8784554,-74.6427718
215,40.8776139,-74.6401154
216,40.8773064,-74.6374731
217,40.8775918,-74.6348713
218,40.8785283,-74.632336
219,40.8800934,-74.6298788
220,40.8821091,-74.627483
221,40.8843798,-74.6251287
222,40.8867097,-74.622796
223,40.8889031,-74.6204651
224,40.8907711,-74.6181165
225,40.8923386,-74.6157476
226,40.8938816,-74.6133755
227,40.8956784,-74.6110173
228,40.8977058,-74.6086639
229,40.8996263,-74.6062791
230,40.9011012,-74.6038269
231,40.9020085,-74.6012936
232,40.9024025,-74.5986843
233,40.9023427,-74.5960044
234,40.9018887,-74.5932592
235,40.9010998,-74.5904541
236,40.9000356,-74.5875947
237,40.8987555,-74.5846863
238,40.8973191,-74.5817344
239,40.8957859,-74.5787443
240,40.8942152,-74.5757215
241,40.8926666,-74.5726714
242,40.8911996,-74.5695995
243,40.8898737,-74.5665111
244,40.8887483,-74.5634117
245,40.8878829,-74.5603068
246,40.8873371,-74.5572016
247,40.8871702,-74.5541017
248,40.8874419,-74.5510125
249,40.8880866,-74.5479436
250,40.8886101,-74.5449192
251,40.8884263,-74.5419668
252,40.8870064,-74.5391175
253,40.8847554,-74.5364635
254,40.8828357,-74.5341472
255,40.8822941,-74.5322737
256,40.8830939,-74.530646
257,40.8846851,-74.528924
258,40.8866274,-74.5268969
259,40.8888142,-74.5247377
260,40.8912002,-74.5226903
261,40.8937316,-74.5209669
262,40.8962771,-74.5194855
263,40.8986625,-74.5180034
264,40.9007132,-74.5162764
265,40.9022568,-74.5140639
266,40.9032162,-74.5113046
267,40.9036502,-74.5081927
268,40.9036279,-74.5049417
269,40.9032237,-74.5017502
270,40.9025651,-74.4986689
271,40.9018095,-74.4956637
272,40.9011151,-74.4926996
273,40.9006387,-74.4897416
274,40.9004703,-74.4867662
275,40.9005935,-74.4837679
276,40.9009828,-74.4807428
277,40.9016123,-74.477687
278,40.9024566,-74.4745966
279,40.9034861,-74.4714713
280,40.9046632,-74.4683196
281,40.905949,-74.465151
282,40.9073044,-74.4619751
283,40.9086905,-74.4588014
284,40.9100684,-74.4556395
285,40.911399,-74.452499
286,40.9126434,-74.4493895
287,40.9137628,-74.4463205
288,40.914718,-74.4433017
289,40.9154702,-74.4403425
290,40.9159804,-74.4374525
291,40.9162096,-74.4346414
292,40.9161189,-74.4319187
293,40.9156693,-74.429294
294,40.9148218,-74.4267768
295,40.9135376,-74.4243767
296,40.9119304,-74.4220385
297,40.911032,-74.4194069
298,40.9087118,-74.4184373
299,40.9072024,-74.4163466
300,40.9059499,-74.4136895
301,40.9042076,-74.4110734
302,40.9036932,-74.4085204
303,40.904239,-74.4059256
304,40.905161,-74.4032141
305,40.9061758,-74.4003852
306,40.9072446,-74.3974827
307,40.9083318,-74.3945512
308,40.9094019,-74.3916353
309,40.9104195,-74.3887795
310,40.9113513,-74.3860288
311,40.9123051,-74.383442
312,40.9136076,-74.3810675
313,40.9155866,-74.3787162
314,40.9184523,-74.3761225
315,40.9204179,-74.3735642
316,40.9188978,-74.3715941
317,40.9166189,-74.3696419
318,40.915572,-74.3672823
319,40.9153341,-74.3645919
320,40.9153989,-74.3616641
321,40.915316,-74.3585943
322,40.9153033,-74.3554961
323,40.9158083,-74.3524959
324,40.9169111,-74.3497203
325,40.9185348,-74.3472093
326,40.920404,-74.3448576
327,40.9222241,-74.3425458
328,40.9237033,-74.3401554
329,40.9247078,-74.3376123
330,40.9253434,-74.3349104
331,40.9257365,-74.3320493
332,40.9260137,-74.3290287
333,40.9263722,-74.325884
334,40.9271337,-74.3227138
335,40.9284728,-74.3195856
336,40.9303342,-74.3165114
337,40.9326449,-74.3134995
338,40.9353317,-74.3105579
339,40.9383218,-74.3076947
340,40.941542,-74.3049178
341,40.9449192,-74.3022355
342,40.9483806,-74.2996557
343,40.9518529,-74.2971866
344,40.9552632,-74.2948362
345,40.9585385,-74.2926126
346,40.9616056,-74.2905238
347,40.9643915,-74.2885779
348,40.9668233,-74.286783
349,40.9688278,-74.2851471
350,40.970332,-74.2836784
351,40.9712629,-74.2823848
352,40.9715474,-74.2812745
353,40.9711125,-74.2803556
354,40.9698852,-74.279636
355,40.9677924,-74.2791239
356,40.9648609,-74.2787924
357,40.9615906,-74.2784501
358,40.9584844,-74.2779429
359,40.9555478,-74.2774315
360,40.9526736,-74.2771476
361,40.9497546,-74.2773229
362,40.9467329,-74.2780368
363,40.9436848,-74.2789564
364,40.9407088,-74.2796798
365,40.9379034,-74.2798052
366,40.9353229,-74.2790885
367,40.9328925,-74.2777469
368,40.930514,-74.2760812
369,40.9280891,-74.2743923
370,40.9255246,-74.27293
371,40.9227612,-74.271606
372,40.9198241,-74.2702359
373,40.9173167,-74.2689732
374,40.9159696,-74.2680371
375,40.9154579,-74.2669717
376,40.915017,-74.2650406
377,40.9140243,-74.2620323
378,40.9122723,-74.2592031
379,40.9098679,-74.2571965
380,40.9072156,-74.2555822
381,40.9047382,-74.2538644
382,40.9027525,-74.2516683
383,40.9011784,-74.2490743
384,40.8998423,-74.2462697
385,40.8985706,-74.2434418
386,40.8971898,-74.2407779
387,40.8955263,-74.2384654
388,40.8934064,-74.2366915
389,40.8907508,-74.2355464
390,40.8879068,-74.23468
391,40.885342,-74.2336178
392,40.8835243,-74.2318854
393,40.8827219,-74.2292238
394,40.8822506,-74.2264037
395,40.8812012,-74.2244384
396,40.8794482,-74.2234859
397,40.8774244,-74.2230952
398,40.8755745,-74.2228019
399,40.8743435,-74.2221419
400,40.8741757,-74.2206512
401,40.8751729,-74.2182458
402,40.8766442,-74.2157127
403,40.8784011,-74.2132592
404,40.880404,-74.2109229
405,40.8826132,-74.2087415
406,40.8849892,-74.2067524
407,40.8874922,-74.2049923
408,40.8900744,-74.2034501
409,40.8926774,-74.2020466
410,40.8952414,-74.2006976
411,40.8977071,-74.1993185
412,40.9000147,-74.1978252
413,40.9021048,-74.1961332
414,40.903918,-74.1941583
415,40.905417,-74.1918508
416,40.9066248,-74.1892546
417,40.9075744,-74.1864287
418,40.9082988,-74.1834325
419,40.9088215,-74.1803289
420,40.9088571,-74.1773109
421,40.9077544,-74.1747257
422,40.9054655,-74.1727162
423,40.9029278,-74.1710732
424,40.9004093,-74.1697242
425,40.8979094,-74.1686577
426,40.8954274,-74.1678619
427,40.8929626,-74.1673251
428,40.8905144,-74.1670357
429,40.8880819,-74.1669819
430,40.8856646,-74.1671522
431,40.8832617,-74.1675347
432,40.8808725,-74.1681179
433,40.8784963,-74.16889
434,40.8761324,-74.1698394
435,40.8737801,-74.1709544
436,40.8714386,-74.1722233
437,40.8691074,-74.1736344
438,40.8667856,-74.1751761
439,40.8644726,-74.1768366
440,40.8621677,-74.1786043
441,40.8598701,-74.1804675
442,40.8575792,-74.1824145
443,40.8552942,-74.1844336
444,40.8530145,-74.1865132
445,40.8507394,-74.1886415
446,40.8484681,-74.190807
447,40.8461999,-74.1929978
448,40.8439341,-74.1952024
449,40.8416701,-74.197409
450,40.8394072,-74.1996059
451,40.8371445,-74.2017816
452,40.8348814,-74.2039242
453,40.8326173,-74.2060222
454,40.8303514,-74.2080637
455,40.828083,-74.2100373
456,40.8258114,-74.2119311
457,40.8235358,-74.2137335
458,40.8212557,-74.2154328
459,40.8189702,-74.2170173
460,40.8166788,-74.2184754
461,40.8143806,-74.2197954
462,40.812075,-74.2209655
463,40.8097612,-74.2219741
464,40.8074387,-74.2228095
465,40.8051065,-74.2234601
466,40.8027642,-74.2239141
467,40.8004109,-74.2241599
468,40.7980459,-74.2241858
469,40.7956686,-74.2239801
470,40.7932782,-74.2235311
471,40.7908741,-74.2228272
472,40.7884555,-74.2218566
473,40.7860217,-74.2206078
474,40.783572,-74.2190689
475,40.7811058,-74.2172283
476,40.7786223,-74.2150744
477,40.7761207,-74.2125954
478,40.7736005,-74.2097797
479,40.7710609,-74.2066156
480,40.7685012,-74.2030914
481,40.7659206,-74.1991955
482,40.7633186,-74.1949161
483,40.7606943,-74.1902415
484,40.7580472,-74.1851601
485,40.7553764,-74.1796603
486,40.7526812,-74.1737302
487,40.7499611,-74.1673583
488,40.7472151,-74.1605329
489,40.7444428,-74.1532422
490,40.7416433,-74.1454747
491,40.738816,-74.1372185
492,40.73596,-74.1284621
493,40.7330749,-74.1191937
494,40.7301598,-74.1094017
495,40.727214,-74.0990744
496,40.7242368,-74.0882001
497,40.7212275,-74.0767671
498,40.7181855,-74.0647637
499,40.71511,-74.0521783
500,40.7120003,-74.0389992
